<?xml version="1.0" encoding="UTF-8"?>
<suppressions xmlns="https://jeremylong.github.io/DependencyCheck/dependency-suppression.1.3.xsd">
	<suppress>
	   <notes><![CDATA[
	   file name: bcprov-jdk15on-1.46.jar
	   ]]></notes>
	   <packageUrl regex="true">^pkg:maven/org\.bouncycastle/bcprov\-jdk15on@.*$</packageUrl>
	   <cve>CVE-2013-1624</cve>
	</suppress>
	<suppress>
	   <notes><![CDATA[
	   file name: spring-boot-2.2.4.RELEASE.jar
	   ]]></notes>
	   <packageUrl regex="true">^pkg:maven/org\.springframework\.boot/spring\-boot@.*$</packageUrl>
	   <cpe>cpe:/a:vmware:spring_boot</cpe>
	</suppress>
	<suppress>
	   <notes><![CDATA[
	   file name: logback-core-1.2.3.jar
	   ]]></notes>
	   <packageUrl regex="true">^pkg:maven/ch\.qos\.logback/logback\-core@.*$</packageUrl>
	   <cve>CVE-2023-6378</cve>
	</suppress>
	<suppress>
	   <notes><![CDATA[
	   file name: log4j-api-2.12.1.jar
	   ]]></notes>
	   <packageUrl regex="true">^pkg:maven/org\.apache\.logging\.log4j/log4j\-api@.*$</packageUrl>
	   <cve>CVE-2020-9488</cve>
	</suppress>
	<suppress>
	   <notes><![CDATA[
	   file name: log4j-api-2.12.1.jar
	   ]]></notes>
	   <packageUrl regex="true">^pkg:maven/org\.apache\.logging\.log4j/log4j\-api@.*$</packageUrl>
	   <cve>CVE-2021-45046</cve>
	</suppress>
	<suppress>
	   <notes><![CDATA[
	   file name: hibernate-validator-6.0.18.Final.jar
	   ]]></notes>
	   <packageUrl regex="true">^pkg:maven/org\.hibernate\.validator/hibernate\-validator@.*$</packageUrl>
	   <cve>CVE-2020-10693</cve>
	</suppress>
	<suppress>
	   <notes><![CDATA[
	   file name: spring-web-5.2.3.RELEASE.jar
	   ]]></notes>
	   <packageUrl regex="true">^pkg:maven/org\.springframework/spring\-web@.*$</packageUrl>
	   <vulnerabilityName>CVE-2016-1000027</vulnerabilityName>
	</suppress>
	<suppress>
	   <notes><![CDATA[
	   file name: spring-web-5.2.3.RELEASE.jar
	   ]]></notes>
	   <packageUrl regex="true">^pkg:maven/org\.springframework/spring\-web@.*$</packageUrl>
	   <vulnerabilityName>CVE-2021-22118</vulnerabilityName>
	</suppress>
	<suppress>
	   <notes><![CDATA[
	   file name: spring-beans-5.2.3.RELEASE.jar
	   ]]></notes>
	   <packageUrl regex="true">^pkg:maven/org\.springframework/spring\-beans@.*$</packageUrl>
	   <vulnerabilityName>CVE-2022-22965</vulnerabilityName>
	</suppress>
	<suppress>
	   <notes><![CDATA[
	   file name: spring-webmvc-5.2.3.RELEASE.jar
	   ]]></notes>
	   <packageUrl regex="true">^pkg:maven/org\.springframework/spring\-webmvc@.*$</packageUrl>
	   <vulnerabilityName>CVE-2021-22060</vulnerabilityName>
	</suppress>
	<suppress>
	   <notes><![CDATA[
	   file name: spring-webmvc-5.2.3.RELEASE.jar
	   ]]></notes>
	   <packageUrl regex="true">^pkg:maven/org\.springframework/spring\-webmvc@.*$</packageUrl>
	   <vulnerabilityName>CVE-2024-38816</vulnerabilityName>
	</suppress>
	<suppress>
	   <notes><![CDATA[
	   file name: spring-expression-5.2.3.RELEASE.jar
	   ]]></notes>
	   <packageUrl regex="true">^pkg:maven/org\.springframework/spring\-expression@.*$</packageUrl>
	   <vulnerabilityName>CVE-2022-22950</vulnerabilityName>
	</suppress>
	<suppress>
	   <notes><![CDATA[
	   file name: spring-expression-5.2.3.RELEASE.jar
	   ]]></notes>
	   <packageUrl regex="true">^pkg:maven/org\.springframework/spring\-expression@.*$</packageUrl>
	   <vulnerabilityName>CVE-2023-20861</vulnerabilityName>
	</suppress>
	<suppress>
	   <notes><![CDATA[
	   file name: spring-expression-5.2.3.RELEASE.jar
	   ]]></notes>
	   <packageUrl regex="true">^pkg:maven/org\.springframework/spring\-expression@.*$</packageUrl>
	   <vulnerabilityName>CVE-2023-20863</vulnerabilityName>
	</suppress>
	<suppress>
	   <notes><![CDATA[
	   file name: spring-expression-5.2.3.RELEASE.jar
	   ]]></notes>
	   <packageUrl regex="true">^pkg:maven/org\.springframework/spring\-expression@.*$</packageUrl>
	   <vulnerabilityName>CVE-2024-38808</vulnerabilityName>
	</suppress>
	<suppress>
	   <notes><![CDATA[
	   file name: log4j-to-slf4j-2.12.1.jar
	   ]]></notes>
	   <packageUrl regex="true">^pkg:maven/org\.apache\.logging\.log4j/log4j\-to\-slf4j@.*$</packageUrl>
	   <cpe>cpe:/a:apache:log4j</cpe>
	</suppress>
	<suppress>
	   <notes><![CDATA[
	   file name: log4j-api-2.12.1.jar
	   ]]></notes>
	   <packageUrl regex="true">^pkg:maven/org\.apache\.logging\.log4j/log4j\-api@.*$</packageUrl>
	   <cpe>cpe:/a:apache:log4j</cpe>
	</suppress>
</suppressions>